Gene Name,Accession #,Class Name,h1,h1,h1,h1,h1,h1,h5,h5,h5,h5,h5,h5,h1,h1,h1,h1,h1,h1
A2M,NM_000014.4,Endogenous,14,9,7,9,12,5,8,6,6,10,10,16,6,10,3,8,10,7
ABCB1,NM_000927.3,Endogenous,14,10,9,3,13,2,6,7,4,6,13,10,8,9,9,13,7,5
ABL1,NM_005157.3,Endogenous,641,305,165,278,229,210,213,167,24,106,140,297,130,158,197,80,312,187
ADA,NM_000022.2,Endogenous,80,98,87,67,65,79,36,62,19,37,92,95,43,51,47,35,89,48
ADORA2A,NM_000675.3,Endogenous,10,12,11,12,18,4,9,6,4,10,8,13,14,7,4,3,10,10
AICDA,NM_020661.1,Endogenous,9,6,8,8,9,2,4,4,7,4,7,3,3,5,5,7,3,7
AIRE,NM_000383.2,Endogenous,14,6,12,10,10,11,14,18,10,7,13,13,12,7,5,7,8,15
AKT3,NM_181690.1,Endogenous,1319,705,523,673,556,466,492,418,48,331,402,836,269,353,401,159,730,482
ALCAM,NM_001627.3,Endogenous,1753,1229,362,1083,965,887,485,590,37,198,404,1457,504,628,630,224,1135,830
AMBP,NM_001633.3,Endogenous,13,6,8,10,16,7,12,18,18,17,8,16,6,7,10,7,12,7
AMICA1,NM_153206.2,Endogenous,21,14,7,14,15,16,13,20,11,14,9,16,14,16,15,13,11,14
ANP32B,NM_006401.2,Endogenous,1490,1049,557,944,923,729,529,598,41,397,654,1203,448,634,658,247,1152,759
ANXA1,NM_000700.1,Endogenous,8132,8750,1754,2739,2227,6273,2256,4192,99,700,1065,9516,3691,4568,4625,1614,8714,5945
APOE,NM_000041.2,Endogenous,97,29,1063,445,845,13,127,22,111,606,1289,22,20,15,15,13,8,20
APP,NM_000484.3,Endogenous,5133,2442,2031,2651,2438,2010,1697,1339,234,1171,1916,2912,1193,1438,1500,586,2724,1619
ARG1,NM_000045.2,Endogenous,10,10,5,6,7,3,8,6,6,2,6,5,9,6,5,2,4,4
ARG2,NM_001172.3,Endogenous,78,27,17,31,29,38,27,30,16,20,24,53,28,21,34,18,47,28
ATF1,NM_005171.2,Endogenous,313,179,123,177,214,122,111,101,23,90,130,234,85,96,114,46,192,108
ATF2,NM_001256090.1,Endogenous,757,417,370,476,432,314,286,233,22,205,361,532,166,237,213,93,521,292
ATG10,NM_001131028.1,Endogenous,120,72,41,62,61,50,34,50,9,41,50,84,30,49,50,22,62,40
ATG12,NM_004707.2,Endogenous,70,28,32,51,52,15,26,16,7,18,27,25,13,16,18,8,37,23
ATG16L1,NM_198890.2,Endogenous,148,104,70,73,82,70,58,38,8,32,68,81,63,56,62,19,109,66
ATG5,NM_004849.2,Endogenous,462,277,185,251,225,212,136,180,44,107,208,274,128,175,166,46,304,201
ATG7,NM_001136031.2,Endogenous,301,211,99,133,127,127,101,127,17,64,106,218,74,99,134,55,211,132
ATM,NM_000051.3,Endogenous,12,10,11,9,6,6,8,11,1,6,8,8,10,6,8,5,11,6
AXL,NM_021913.2,Endogenous,639,594,110,248,180,442,213,363,10,97,119,839,280,403,445,125,730,486
BAGE,NM_001187.1,Endogenous,18,19,12,16,14,11,11,22,11,22,16,17,13,14,15,7,19,15
BATF,NM_006399.3,Endogenous,16,16,16,17,23,15,17,29,16,19,16,8,14,7,12,20,17,6
BAX,NM_138761.3,Endogenous,1885,918,679,952,861,639,538,442,89,449,767,1002,436,480,544,220,1014,582
BCL10,NM_003921.2,Endogenous,831,522,324,328,469,328,243,282,22,118,307,627,201,337,389,111,555,461
BCL2,NM_000657.2,Endogenous,17,16,9,22,21,10,19,19,14,18,17,15,15,7,21,14,19,13
BCL2L1,NM_001191.2,Endogenous,2372,982,848,1247,1136,625,760,456,78,530,783,1023,398,549,756,229,1168,835
BCL6,NM_001706.2,Endogenous,357,157,105,230,179,102,129,83,18,89,120,130,87,110,108,26,164,109
BID,NM_001196.2,Endogenous,16,8,9,5,8,1,9,9,6,6,9,8,5,2,3,3,4,9
BIRC5,NM_001168.2,Endogenous,21,23,15,16,15,17,14,24,15,12,10,14,17,17,26,10,24,24
BLK,NM_001715.2,Endogenous,12,6,6,9,3,8,8,13,7,8,10,11,10,4,7,11,12,5
BLNK,NM_013314.2,Endogenous,8,6,4,3,2,3,4,4,3,9,5,1,1,2,3,2,2,6
BMI1,NM_005180.5,Endogenous,418,270,155,322,268,200,182,141,13,124,190,351,101,151,143,70,269,165
BST1,NM_004334.2,Endogenous,470,405,149,222,308,270,165,218,28,112,194,525,185,222,254,90,475,247
BST2,NM_004335.2,Endogenous,35,30,23,15,230,26,18,35,26,25,161,34,14,15,25,18,33,12
BTK,NM_000061.1,Endogenous,17,10,17,12,19,13,11,14,19,10,13,9,12,8,19,10,10,15
BTLA,NM_181780.2,Endogenous,15,8,17,12,9,10,6,4,2,8,9,5,6,6,7,8,8,8
C1QA,NM_015991.2,Endogenous,17,11,4,14,12,7,7,9,9,8,12,9,11,9,11,6,10,17
C1QB,NM_000491.3,Endogenous,12,15,10,16,23,7,7,10,13,15,19,21,18,13,11,23,17,5
C1QBP,NM_001212.3,Endogenous,995,764,492,606,936,483,289,363,39,210,691,762,285,382,484,172,843,545
C1R,NM_001733.4,Endogenous,3391,2515,1182,2502,2720,1606,1074,1116,114,884,1938,2248,977,1227,1161,561,2615,1253
C1S,NM_001734.2,Endogenous,2814,1610,1017,1870,2045,1215,933,801,79,683,1547,1744,605,799,763,357,1795,806
C2,NM_000063.3,Endogenous,31,25,20,24,32,18,16,27,11,20,24,22,19,15,12,6,22,14
C3,NM_000064.2,Endogenous,62,13,11,25,21,13,19,11,8,18,14,17,18,14,14,10,19,13
C3AR1,NM_004054.2,Endogenous,15,8,13,5,10,4,5,8,6,1,4,4,5,4,8,3,6,5
C4B,NM_001002029.3,Endogenous,25,20,15,14,20,14,4,20,6,9,7,16,16,8,11,12,17,13
C4BPA,NM_000715.3,Endogenous,6,5,7,9,6,9,3,6,4,4,4,7,7,13,7,3,5,3
C5,NM_001735.2,Endogenous,28,26,14,20,14,22,11,19,8,16,19,22,18,20,21,14,24,18
C6,NM_000065.2,Endogenous,8,12,10,7,9,12,9,24,18,21,6,9,8,9,11,16,13,15
C7,NM_000587.2,Endogenous,13,6,5,17,12,8,16,11,2,13,11,4,8,8,4,4,3,10
C8A,NM_000562.2,Endogenous,13,7,7,9,5,3,8,3,5,4,11,7,3,8,2,5,7,6
C8B,NM_000066.2,Endogenous,12,7,8,9,7,7,8,10,3,5,5,6,9,10,5,5,3,3
C8G,NM_000606.2,Endogenous,17,11,15,15,11,6,18,27,17,16,23,11,18,16,9,13,13,16
C9,NM_001737.3,Endogenous,10,4,4,9,3,6,6,9,1,1,1,4,3,6,5,4,4,8
CAMP,NM_004345.3,Endogenous,5,7,7,10,5,4,5,4,3,2,6,7,4,2,4,7,10,4
CARD11,NM_032415.2,Endogenous,17,18,10,10,10,15,12,10,4,8,9,13,12,14,12,8,12,6
CARD9,NM_052813.4,Endogenous,7,7,10,9,7,3,4,12,7,4,9,6,7,6,12,8,9,10
CASP1,NM_001223.3,Endogenous,43,60,38,28,69,49,27,34,13,17,44,85,32,30,39,30,56,33
CASP10,NM_032977.3,Endogenous,4,5,4,6,2,2,4,6,4,2,5,3,7,6,6,2,8,6
CASP3,NM_032991.2,Endogenous,441,315,206,322,348,200,151,136,18,153,260,279,118,156,213,63,306,223
CASP8,NM_001228.4,Endogenous,144,126,72,111,127,94,58,67,14,57,100,147,56,68,84,27,142,92
CCL1,NM_002981.1,Endogenous,1,2,2,7,1,3,3,1,2,1,5,3,3,1,8,2,7,2
CCL11,NM_002986.2,Endogenous,8,12,13,7,8,4,13,15,6,5,9,11,8,11,10,3,5,11
CCL13,NM_005408.2,Endogenous,3,5,2,7,4,2,3,2,4,4,4,9,1,5,4,3,4,1
CCL14,NM_032963.3,Endogenous,10,6,8,7,7,11,6,15,11,9,5,8,10,8,12,4,11,11
CCL15,NM_032965.3,Endogenous,9,11,4,9,9,8,11,11,10,5,9,9,18,6,11,11,8,8
CCL16,NM_004590.2,Endogenous,2,6,3,4,5,6,3,3,5,6,3,4,3,3,5,3,7,2
CCL17,NM_002987.2,Endogenous,12,13,5,14,12,5,7,17,15,8,10,5,17,7,9,13,8,12
CCL18,NM_002988.2,Endogenous,12,6,8,6,7,6,4,6,4,11,7,6,6,2,6,5,4,6
CCL19,NM_006274.2,Endogenous,6,6,4,4,8,1,1,6,2,1,7,2,3,1,5,2,3,1
CCL2,NM_002982.3,Endogenous,209,516,18,87,36,266,24,200,5,6,12,245,187,224,264,92,754,283
CCL20,NM_004591.1,Endogenous,35,18,26,21,29,17,20,12,12,12,28,16,13,14,16,11,24,21
CCL21,NM_002989.2,Endogenous,11,4,11,7,11,10,10,9,4,6,5,15,7,9,14,10,9,11
CCL22,NM_002990.3,Endogenous,6,10,5,7,10,6,11,12,4,7,5,10,6,3,6,6,3,1
CCL23,NM_145898.1,Endogenous,1,4,1,1,6,1,2,5,4,1,1,1,6,8,4,2,1,4
CCL24,NM_002991.2,Endogenous,1,3,2,1,1,1,2,3,2,5,3,3,3,1,3,3,2,2
CCL25,NM_005624.2,Endogenous,9,10,12,12,9,8,12,10,11,6,5,8,14,16,4,16,11,16
CCL26,NM_006072.4,Endogenous,66,44,14,16,11,26,20,16,2,9,11,41,31,40,25,9,41,30
CCL27,NM_006664.2,Endogenous,8,6,11,7,12,8,8,11,5,1,12,7,6,5,5,1,9,6
CCL28,NM_148672.2,Endogenous,10,6,5,9,3,1,4,4,5,1,5,6,4,6,5,7,5,7
CCL3,NM_002983.2,Endogenous,10,11,14,15,13,10,13,24,14,11,9,9,10,5,10,11,9,8
CCL3L1,NM_021006.4,Endogenous,7,2,1,3,3,7,4,5,4,4,5,7,10,6,3,3,6,4
CCL4,NM_002984.2,Endogenous,8,5,5,4,4,10,5,6,4,4,4,6,8,5,2,9,4,5
CCL5,NM_002985.2,Endogenous,13,7,9,9,16,8,6,21,14,11,3,11,8,9,10,7,10,7
CCL7,NM_006273.2,Endogenous,20,10,9,7,9,17,12,23,8,9,7,14,12,8,10,9,13,11
CCL8,NM_005623.2,Endogenous,7,12,13,9,12,6,6,14,15,10,13,17,5,8,7,11,18,10
CCND3,NM_001760.2,Endogenous,106,43,33,123,119,19,39,26,5,51,80,36,27,20,38,15,50,32
CCR1,NM_001295.2,Endogenous,12,12,10,7,16,11,14,17,9,11,13,13,9,9,6,10,5,15
CCR2,NM_001123041.2,Endogenous,11,12,4,11,11,6,13,20,5,9,5,5,13,9,4,4,16,10
CCR3,NM_001837.2,Endogenous,10,3,4,7,5,7,8,2,4,6,4,3,6,5,4,10,5,4
CCR4,NM_005508.4,Endogenous,2,8,7,10,2,7,5,7,7,5,4,4,5,2,4,4,9,6
CCR5,NM_000579.1,Endogenous,5,3,5,2,6,2,5,7,5,9,5,3,1,3,2,2,5,2
CCR6,NM_031409.2,Endogenous,10,9,17,7,10,14,9,21,14,11,15,10,17,9,11,12,13,13
CCR7,NM_001838.2,Endogenous,3,1,2,4,1,4,6,4,2,3,1,3,4,1,3,5,1,4
CCR9,NM_031200.1,Endogenous,10,13,2,11,11,5,7,6,2,8,8,6,5,4,8,5,6,6
CCRL2,NM_003965.4,Endogenous,14,4,10,8,13,12,14,17,17,13,16,13,11,13,10,10,15,12
CD14,NM_000591.2,Endogenous,7,1,4,8,4,5,5,1,3,5,6,1,1,1,1,6,1,3
CD160,NM_007053.2,Endogenous,3,3,5,10,6,6,1,5,6,4,4,5,6,4,8,1,4,12
CD163,NM_004244.4,Endogenous,17,7,6,7,7,9,9,5,1,7,8,6,6,11,11,9,17,11
CD164,NM_006016.4,Endogenous,4036,1887,2044,2466,2753,1542,1413,1045,187,1027,2015,2360,744,1057,1128,365,2020,1436
CD180,NM_005582.2,Endogenous,13,10,7,6,6,6,7,14,9,14,15,7,6,11,10,11,16,4
CD19,NM_001770.4,Endogenous,11,11,11,12,11,13,12,19,26,11,15,9,11,9,14,9,18,17
CD1A,NM_001763.2,Endogenous,6,10,4,11,10,4,10,18,10,7,7,6,9,6,6,6,5,8
CD1B,NM_001764.2,Endogenous,8,5,5,6,7,8,2,3,4,8,4,5,3,4,7,5,9,3
CD1C,NM_001765.2,Endogenous,8,7,1,6,6,1,1,4,1,1,3,3,4,3,2,2,2,3
CD1D,NM_001766.3,Endogenous,10,1,5,7,10,1,2,5,4,3,4,5,7,6,7,6,8,5
CD1E,NM_001042583.1,Endogenous,7,3,7,7,1,5,6,8,6,6,3,5,3,2,2,2,1,4
CD2,NM_001767.3,Endogenous,8,6,4,6,5,2,5,7,5,1,5,5,6,2,5,3,4,7
CD200,NM_005944.5,Endogenous,13,11,11,9,12,8,5,14,5,11,8,13,9,11,15,12,18,9
CD207,NM_015717.2,Endogenous,4,6,2,2,4,3,2,6,1,3,2,6,2,1,1,1,3,4
CD209,NM_021155.2,Endogenous,1,6,2,6,4,2,2,4,2,5,3,3,3,1,3,3,4,6
CD22,NM_001771.2,Endogenous,9,1,5,4,9,3,5,4,1,2,3,2,5,7,9,9,5,6
CD24,NM_013230.2,Endogenous,41,21,24,19,19,22,19,18,5,14,15,31,17,16,20,11,25,12
CD244,NM_016382.2,Endogenous,11,8,9,11,8,7,7,11,3,6,7,12,5,4,9,6,3,6
CD247,NM_198053.1,Endogenous,8,5,3,5,5,5,6,8,5,5,3,7,3,5,3,4,6,3
CD27,NM_001242.4,Endogenous,7,11,3,9,4,10,10,12,6,4,5,10,11,4,8,7,8,8
CD274,NM_014143.3,Endogenous,8,11,4,13,5,9,10,7,2,3,5,16,6,9,10,4,17,9
CD276,NM_001024736.1,Endogenous,3738,1026,1640,1724,1515,823,1213,503,219,890,1379,1049,515,566,825,195,1087,778
CD28,NM_001243078.1,Endogenous,9,6,3,9,6,8,9,6,7,6,13,6,5,2,8,4,11,4
CD33,NM_001177608.1,Endogenous,15,16,5,15,13,11,14,7,7,10,16,12,11,13,10,4,7,8
CD34,NM_001025109.1,Endogenous,8,14,8,7,10,8,4,13,16,7,7,13,5,5,6,7,12,6
CD36,NM_001001548.2,Endogenous,6,4,10,6,10,8,10,5,6,18,14,6,6,7,6,2,6,5
CD37,NM_001774.2,Endogenous,14,10,7,12,5,13,11,4,6,11,10,11,7,6,10,8,8,10
CD38,NM_001775.2,Endogenous,11,10,12,4,6,5,7,11,16,12,5,9,4,10,4,3,5,6
CD3D,NM_000732.4,Endogenous,11,9,4,5,7,6,7,6,5,5,8,11,4,7,4,5,9,4
CD3E,NM_000733.2,Endogenous,5,6,7,6,2,6,9,3,6,6,8,1,3,7,1,2,1,3
CD3EAP,NM_012099.1,Endogenous,72,45,40,53,57,38,31,35,16,32,45,46,40,27,28,15,50,37
CD3G,NM_000073.2,Endogenous,3,4,5,5,5,10,2,6,6,5,9,3,7,9,4,5,3,5
CD4,NM_000616.4,Endogenous,17,21,20,20,31,22,19,35,21,21,26,31,16,27,20,19,19,25
CD40,NM_001250.4,Endogenous,32,22,26,46,60,19,32,17,11,33,63,27,16,16,17,10,30,16
CD40LG,NM_000074.2,Endogenous,13,14,16,17,14,15,17,28,15,28,15,11,16,15,19,26,15,9
CD44,NM_001001392.1,Endogenous,6455,2909,2991,1494,1318,2100,1743,1428,291,850,1013,2979,1619,1963,2545,653,3824,2841
CD46,NM_172350.1,Endogenous,1910,814,619,785,685,741,602,478,53,297,466,1041,393,490,551,180,1076,669
CD47,NM_001777.3,Endogenous,1060,541,462,499,611,438,383,286,56,216,512,669,255,356,373,116,651,429
CD48,NM_001778.2,Endogenous,18,3,5,12,8,6,9,8,5,6,4,4,6,5,6,8,4,6
CD5,NM_014207.2,Endogenous,14,6,8,12,12,11,7,24,20,13,15,11,18,7,12,11,13,6
CD53,NM_001040033.1,Endogenous,17,19,8,12,13,14,10,13,11,5,14,11,9,12,9,6,12,8
CD55,NM_000574.3,Endogenous,29,21,8,16,15,15,16,14,7,15,6,26,22,20,12,7,25,23
CD58,NM_001779.2,Endogenous,430,219,182,160,193,145,141,109,17,83,148,215,88,96,126,39,187,146
CD59,NM_000611.4,Endogenous,8119,4989,2502,4284,5331,3343,2579,2281,247,1822,4374,5137,2342,2799,3365,914,5406,3850
CD6,NM_006725.3,Endogenous,8,8,6,6,7,6,3,4,9,5,2,2,6,8,11,6,5,10
CD63,NM_001780.4,Endogenous,23667,13229,7350,10770,11130,7521,6320,6089,702,5051,8098,13493,4655,5834,7185,2387,13276,7535
CD68,NM_001251.2,Endogenous,227,105,57,96,90,67,72,78,24,65,95,107,55,53,56,31,110,57
CD7,NM_006137.6,Endogenous,9,11,3,8,10,9,10,19,12,18,11,7,7,7,7,10,7,6
CD70,NM_001252.2,Endogenous,8,8,6,6,5,4,6,3,5,3,4,7,5,2,6,4,10,7
CD74,NM_001025159.1,Endogenous,17,13,13,11,11,12,8,7,3,7,8,15,9,7,10,7,17,10
CD79A,NM_001783.3,Endogenous,14,13,8,11,6,11,11,21,20,10,11,11,9,4,13,8,8,8
CD79B,NM_021602.2,Endogenous,28,22,27,20,29,23,34,38,23,19,33,23,31,30,22,26,21,32
CD80,NM_005191.3,Endogenous,12,4,5,9,5,12,5,4,7,10,6,12,4,6,8,10,4,7
CD81,NM_004356.3,Endogenous,9042,5344,3403,5037,5840,3761,3010,2675,329,2212,4381,6017,2187,2762,2937,1059,5390,3187
CD83,NM_004233.3,Endogenous,20,12,13,19,15,13,12,7,5,7,8,23,7,12,11,11,18,12
CD84,NM_001184879.1,Endogenous,7,2,7,6,2,5,5,4,5,7,5,3,4,5,6,1,7,4
CD86,NM_175862.3,Endogenous,10,7,11,4,13,2,7,6,6,4,5,9,10,9,7,3,11,5
CD8A,NM_001768.5,Endogenous,10,9,3,3,5,4,3,9,5,6,6,4,8,1,4,9,7,7
CD8B,NM_004931.3,Endogenous,7,8,2,5,5,5,4,5,6,10,7,8,14,8,6,5,8,8
CD9,NM_001769.2,Endogenous,860,362,191,264,88,229,231,216,21,120,114,458,142,205,221,51,320,248
CD96,NM_005816.4,Endogenous,9,15,5,18,11,11,8,12,10,9,11,6,19,14,15,11,10,11
CD97,NM_078481.2,Endogenous,343,169,217,159,297,125,121,127,47,79,197,203,84,124,138,54,238,141
CD99,NM_002414.3,Endogenous,10526,5945,3653,5311,4878,4013,3510,3049,306,2340,3719,6955,2341,2907,3516,1094,5933,3778
CDH1,NM_004360.2,Endogenous,12,9,4,12,12,11,6,15,8,6,8,13,15,7,7,4,8,7
CDH5,NM_001795.3,Endogenous,26,18,13,14,19,8,8,7,1,9,8,17,12,7,11,2,10,11
CDK1,NM_001786.4,Endogenous,10,23,8,13,8,24,5,11,5,4,6,18,18,16,16,16,31,27
CDKN1A,NM_000389.2,Endogenous,4262,2317,1499,1309,1267,1659,1254,1131,161,588,1069,2601,1079,1234,1481,484,2360,1454
CEACAM1,NM_001712.3,Endogenous,15,9,7,7,15,6,5,5,5,7,16,14,4,13,9,6,16,9
CEACAM6,NM_002483.4,Endogenous,12,10,8,9,13,10,13,14,4,5,7,13,6,14,5,2,10,3
CEACAM8,NM_001816.3,Endogenous,10,8,4,6,11,15,5,13,6,9,15,11,16,7,9,11,12,17
CEBPB,NM_005194.2,Endogenous,2279,816,610,1438,846,565,641,323,51,509,559,844,298,448,521,139,901,561
CFB,NM_001710.5,Endogenous,76,56,41,53,38,44,31,51,10,28,31,72,30,37,33,38,81,35
CFD,NM_001928.2,Endogenous,16,10,4,15,9,12,4,11,2,9,11,15,11,8,9,8,8,7
CFI,NM_000204.3,Endogenous,414,279,147,207,177,159,115,164,34,84,120,261,89,128,118,71,264,132
CFP,NM_002621.2,Endogenous,11,6,8,10,9,15,11,19,8,12,8,6,12,8,6,13,16,10
CHIT1,NM_003465.2,Endogenous,10,7,13,13,14,10,17,25,6,10,12,10,11,10,4,11,11,13
CHUK,NM_001278.3,Endogenous,263,166,128,177,178,115,116,108,11,68,123,172,80,90,94,36,197,130
CKLF,NM_181640.2,Endogenous,1028,517,309,399,331,291,282,286,29,152,213,543,226,213,268,118,475,333
CLEC4A,NM_194448.2,Endogenous,42,31,34,35,31,26,18,23,15,15,23,29,23,17,18,15,33,26
CLEC4C,NM_203503.1,Endogenous,6,4,10,9,6,4,3,5,6,3,3,4,6,7,2,1,10,5
CLEC5A,NM_013252.2,Endogenous,5,2,7,7,4,2,7,4,5,4,2,4,5,3,2,4,2,7
CLEC6A,NM_001007033.1,Endogenous,9,7,12,13,3,6,5,22,13,12,7,13,13,4,6,9,6,11
CLEC7A,NM_197954.2,Endogenous,8,7,4,4,4,4,6,8,5,1,6,3,2,3,12,5,6,4
CLU,NM_001831.2,Endogenous,23,11,6,13,9,9,10,7,6,7,9,13,12,9,10,8,14,8
CMA1,NM_001836.2,Endogenous,7,6,9,8,3,12,7,9,7,11,8,9,11,10,6,11,5,10
CMKLR1,NM_004072.1,Endogenous,134,89,301,56,299,40,85,55,39,67,272,115,35,34,37,13,61,45
COL3A1,NM_000090.3,Endogenous,89731,52384,50442,68384,69740,36438,34815,27800,4622,28343,54525,53060,20699,24423,22297,10176,48429,23883
COLEC12,NM_130386.2,Endogenous,64,155,38,102,64,89,40,60,8,72,57,135,49,95,83,31,150,61
CR1,NM_000651.4,Endogenous,12,16,16,27,10,13,15,7,14,12,12,7,21,14,14,10,15,15
CR2,NM_001006658.1,Endogenous,31,26,24,16,22,16,18,11,14,29,23,24,19,11,10,7,11,18
CREB1,NM_004379.3,Endogenous,389,277,183,242,258,185,169,130,40,115,240,271,113,152,126,60,264,163
CREB5,NM_182898.2,Endogenous,64,21,37,9,16,9,29,21,16,15,14,20,7,13,18,10,27,18
CREBBP,NM_004380.2,Endogenous,15,9,12,20,21,19,14,28,15,15,21,13,8,11,12,13,11,10
CRP,NM_000567.2,Endogenous,8,4,5,8,6,7,3,10,4,8,11,11,2,6,8,6,11,4
CSF1,NM_000757.4,Endogenous,279,117,79,217,261,122,61,63,8,76,186,134,60,82,105,26,166,115
CSF1R,NM_005211.2,Endogenous,10,7,6,7,8,8,7,11,3,8,2,7,4,3,5,3,7,7
CSF2,NM_000758.2,Endogenous,5,6,5,5,4,5,6,5,7,8,6,8,6,4,6,8,9,3
CSF2RB,NM_000395.2,Endogenous,31,28,34,24,31,30,25,19,14,23,16,27,22,22,28,21,24,26
CSF3,NM_000759.3,Endogenous,5,11,5,7,5,4,3,6,4,5,6,6,7,10,9,1,8,8
CSF3R,NM_156038.2,Endogenous,14,8,4,10,6,7,6,8,5,3,9,4,10,6,4,3,9,7
CT45A1,NM_001017417.1,Endogenous,13,19,13,12,9,13,10,10,3,13,19,8,9,9,13,5,14,7
CTAG1B,NM_001327.2,Endogenous,20,20,9,13,21,10,22,17,7,12,12,13,16,17,8,8,18,10
CTAGE1,NM_172241.2,Endogenous,14,9,21,11,18,10,11,15,11,9,18,11,12,5,7,9,9,10
CTCFL,NM_001269042.1,Endogenous,13,12,15,8,15,13,8,24,17,12,15,7,14,12,12,7,7,14
CTLA4,NM_005214.3,Endogenous,8,9,5,8,8,6,10,8,1,3,10,8,3,5,3,5,3,5
CTSG,NM_001911.2,Endogenous,7,8,6,11,8,3,5,3,6,2,3,1,3,5,1,4,2,4
CTSH,NM_004390.3,Endogenous,8,7,18,14,6,7,10,13,16,13,16,6,5,4,10,10,10,9
CTSL,NM_001912.4,Endogenous,2502,821,493,1639,1157,530,687,389,82,1040,883,854,327,396,498,162,780,615
CTSS,NM_004079.3,Endogenous,75,37,56,51,74,24,39,34,22,26,54,35,33,24,27,22,28,23
CTSW,NM_001335.3,Endogenous,3,12,6,4,5,4,3,4,7,6,5,9,3,2,7,3,7,5
CX3CL1,NM_002996.3,Endogenous,19,15,23,20,31,12,10,14,12,10,21,14,14,13,11,11,12,6
CX3CR1,NM_001337.3,Endogenous,16,16,19,13,26,22,17,22,17,16,25,21,19,24,18,18,18,13
CXCL1,NM_001511.1,Endogenous,22,10,9,44,31,20,10,20,8,8,21,16,12,9,10,16,20,9
CXCL10,NM_001565.1,Endogenous,15,10,8,10,4,5,7,7,6,6,5,6,3,12,4,6,7,3
CXCL11,NM_005409.4,Endogenous,11,8,4,9,14,4,12,21,11,7,10,12,5,8,11,10,9,9
CXCL12,NM_000609.5,Endogenous,2173,4048,886,258,272,2970,602,1781,70,127,211,3862,1564,2100,2030,931,4599,2094
CXCL13,NM_006419.2,Endogenous,7,7,8,5,9,5,6,5,8,9,6,7,4,6,4,4,7,10
CXCL14,NM_004887.4,Endogenous,7,5,7,3,6,7,6,9,7,5,7,8,7,5,3,8,9,6
CXCL16,NM_001100812.1,Endogenous,26,28,12,12,14,13,13,17,10,4,9,14,13,14,14,11,17,11
CXCL2,NM_002089.3,Endogenous,74,39,21,123,80,26,28,30,9,33,56,49,22,25,38,8,71,40
CXCL3,NM_002090.2,Endogenous,51,13,13,40,34,14,9,14,6,8,17,18,10,10,21,10,28,24
CXCL5,NM_002994.3,Endogenous,13,11,6,9,3,7,8,13,5,6,10,6,5,5,8,4,13,5
CXCL6,NM_002993.3,Endogenous,36,19,5,26,12,10,10,7,5,6,12,12,15,18,6,4,21,12
CXCL9,NM_002416.1,Endogenous,29,10,13,12,15,17,11,12,12,14,27,23,9,9,14,6,23,19
CXCR1,NM_000634.2,Endogenous,31,17,20,24,28,19,17,19,13,19,17,27,19,35,23,19,24,34
CXCR2,NM_001557.2,Endogenous,8,5,3,4,5,1,3,6,2,8,4,4,1,6,4,4,2,4
CXCR3,NM_001504.1,Endogenous,2,9,7,6,6,6,6,7,4,2,8,6,6,1,1,4,11,6
CXCR4,NM_003467.2,Endogenous,11,1,2,1,3,1,3,4,2,1,3,2,1,3,1,1,7,6
CXCR5,NM_001716.3,Endogenous,7,6,8,5,6,5,4,8,9,7,5,6,6,10,8,5,7,2
CXCR6,NM_006564.1,Endogenous,11,9,6,6,5,4,5,9,5,5,6,9,7,8,9,9,5,7
CYBB,NM_000397.3,Endogenous,7,2,4,7,5,3,4,6,4,7,5,4,5,5,4,5,5,4
CYFIP2,NM_001037332.2,Endogenous,79,32,24,20,15,39,35,28,19,14,14,39,20,27,33,15,54,30
CYLD,NM_015247.1,Endogenous,412,210,118,142,113,187,124,137,15,72,99,240,106,159,137,37,256,157
DDX43,NM_018665.2,Endogenous,158,73,67,67,62,55,73,52,8,33,49,110,33,58,55,16,103,52
DDX58,NM_014314.3,Endogenous,101,53,71,89,251,41,43,43,17,22,187,59,24,41,38,19,67,50
DEFB1,NM_005218.3,Endogenous,4,6,11,10,7,8,5,3,3,4,6,1,9,3,1,7,5,10
DMBT1,NM_007329.2,Endogenous,40,20,22,28,21,33,22,62,26,34,40,28,23,26,29,29,21,24
DOCK9,NM_001130048.1,Endogenous,421,252,301,218,277,197,177,162,39,94,229,312,94,144,130,73,262,168
DPP4,NM_001935.3,Endogenous,308,218,80,151,74,163,127,126,14,72,68,231,76,92,64,37,149,67
DUSP4,NM_057158.2,Endogenous,564,79,407,177,113,52,213,51,44,64,94,74,41,51,73,27,110,89
DUSP6,NM_001946.2,Endogenous,1739,432,867,381,894,219,602,235,101,236,787,461,161,286,435,76,494,522
EBI3,NM_005755.2,Endogenous,9,2,2,4,4,6,3,6,9,1,4,5,7,3,5,5,8,4
ECSIT,NM_001142464.2,Endogenous,175,102,62,102,81,68,55,48,15,55,73,108,48,66,65,28,136,62
EGR1,NM_001964.2,Endogenous,109,105,33,37,48,47,30,47,9,12,32,111,43,89,74,17,127,84
EGR2,NM_000399.3,Endogenous,36,45,5,9,5,15,9,31,4,5,8,42,11,33,32,16,50,29
ELANE,NM_001972.2,Endogenous,25,14,12,14,21,16,18,24,11,12,18,11,9,8,14,15,11,19
ELK1,NM_005229.3,Endogenous,202,86,88,132,103,54,69,47,7,60,83,81,44,44,61,20,79,57
ENG,NM_001114753.1,Endogenous,1530,1006,513,575,688,781,396,504,42,202,434,1143,455,576,638,226,1271,714
ENTPD1,NM_001098175.1,Endogenous,16,15,12,13,22,8,11,6,11,13,9,18,7,14,9,2,7,10
EOMES,NM_005442.2,Endogenous,30,18,13,15,17,15,12,12,11,5,12,15,18,9,13,6,19,7
EP300,NM_001429.2,Endogenous,494,266,251,299,220,226,192,150,22,132,200,261,117,153,155,51,258,166
EPCAM,NM_002354.1,Endogenous,18,13,7,13,17,9,15,29,18,14,12,15,20,9,13,16,15,12
ETS1,NM_005238.3,Endogenous,701,423,1178,1154,2062,294,328,218,117,641,2194,381,167,246,228,80,426,257
EWSR1,NM_013986.3,Endogenous,571,265,256,290,346,200,186,159,31,135,314,302,139,167,209,62,320,208
F12,NM_000505.3,Endogenous,11,3,4,10,8,4,2,4,1,3,6,5,4,5,2,8,9,5
F13A1,NM_000129.3,Endogenous,4,5,8,4,6,2,4,6,6,1,5,3,4,3,3,5,2,3
F2RL1,NM_005242.3,Endogenous,508,227,102,108,101,119,127,119,16,57,69,171,85,116,219,43,312,250
FADD,NM_003824.2,Endogenous,44,25,25,33,37,26,21,24,13,28,19,22,19,21,20,13,37,12
FAS,NM_000043.3,Endogenous,80,51,44,55,76,51,33,36,2,24,52,58,22,39,33,18,45,40
FCER1A,NM_002001.2,Endogenous,17,8,5,7,11,7,11,11,4,8,7,12,10,6,9,3,8,7
FCER1G,NM_004106.1,Endogenous,13,5,6,6,11,6,5,9,6,5,8,10,13,10,16,9,10,5
FCER2,NM_002002.4,Endogenous,16,9,14,10,12,7,11,18,21,11,13,10,15,15,9,13,10,8
FCGR1A,NM_000566.3,Endogenous,4,7,5,13,12,6,11,10,6,2,12,10,8,11,5,9,12,11
FCGR2A,NM_021642.3,Endogenous,8,6,6,6,19,12,12,19,16,10,13,11,11,10,9,22,14,15
FCGR2B,NM_001002273.1,Endogenous,11,7,5,10,8,7,4,10,15,11,7,4,11,7,10,5,10,4
FCGR3A,NM_000569.6,Endogenous,9,11,10,11,10,5,9,22,7,13,12,9,5,9,10,9,12,1
FEZ1,NM_005103.4,Endogenous,682,410,329,354,403,283,237,204,42,157,301,546,173,239,287,98,513,298
FLT3,NM_004119.1,Endogenous,9,8,7,12,10,7,8,14,9,15,11,10,7,11,7,6,19,4
FLT3LG,NM_001459.3,Endogenous,59,46,25,37,51,32,17,35,12,16,42,45,31,25,37,8,52,30
FN1,NM_212482.1,Endogenous,195422,113403,68937,112218,91700,92890,78162,71027,6180,46918,70371,130435,52794,69019,62796,26353,121977,69941
FOS,NM_005252.2,Endogenous,104,332,53,196,59,209,28,151,8,104,51,392,119,322,251,58,421,357
FOXJ1,NM_001454.3,Endogenous,19,9,10,12,4,9,8,4,7,6,13,14,8,10,8,5,14,8
FOXP3,NM_014009.3,Endogenous,8,4,10,9,15,8,5,9,7,6,8,10,20,11,13,13,8,8
FPR2,NM_001462.3,Endogenous,6,7,12,7,9,11,8,13,9,8,8,6,4,9,11,13,13,9
FUT5,NM_002034.2,Endogenous,7,10,6,10,7,10,5,3,4,7,9,6,6,5,10,6,10,12
FUT7,NM_004479.3,Endogenous,38,24,7,16,11,19,17,17,4,12,16,17,10,11,10,10,21,16
FYN,NM_002037.3,Endogenous,1280,500,508,692,752,375,400,298,67,330,662,590,226,281,324,106,512,345
GAGE1,NM_001040663.2,Endogenous,75,47,64,77,78,23,50,47,18,57,79,48,37,71,59,25,50,32
GATA3,NM_001002295.1,Endogenous,7,8,4,6,8,3,3,3,4,7,4,5,5,6,9,3,7,4
GNLY,NM_006433.2,Endogenous,10,12,6,11,10,8,6,6,9,4,12,6,7,6,10,5,5,12
GPI,NM_000175.2,Endogenous,509,317,212,256,425,213,126,149,33,99,310,330,125,180,197,74,352,225
GTF3C1,NM_001520.3,Endogenous,345,194,146,185,167,149,101,111,11,94,134,237,87,112,117,44,235,153
GZMA,NM_006144.2,Endogenous,14,4,6,9,6,4,10,12,2,6,5,7,8,10,9,7,8,7
GZMB,NM_004131.3,Endogenous,8,3,5,7,8,2,3,6,2,2,7,7,3,4,6,6,5,5
GZMH,NM_033423.3,Endogenous,18,8,11,11,11,6,5,6,7,3,15,10,11,8,9,5,15,8
GZMK,NM_002104.2,Endogenous,5,7,9,3,11,5,3,8,6,6,1,3,4,7,5,3,7,6
GZMM,NM_005317.2,Endogenous,6,1,4,6,7,7,9,4,7,4,7,9,11,5,5,2,3,6
HAMP,NM_021175.2,Endogenous,7,9,7,5,7,3,5,9,7,3,6,8,2,11,10,5,5,7
HAVCR2,NM_032782.3,Endogenous,20,14,12,14,11,8,11,30,11,11,10,10,12,9,11,9,10,12
HCK,NM_002110.2,Endogenous,10,10,10,11,9,8,3,4,11,8,10,6,5,8,5,7,5,5
HLA-A,NM_002116.5,Endogenous,2459,1513,860,1402,1365,880,730,719,83,621,1042,1611,583,666,839,295,1517,897
HLA-B,NM_005514.6,Endogenous,814,522,349,500,552,280,280,305,60,264,469,488,271,255,290,128,504,307
HLA-C,NM_002117.4,Endogenous,494,237,181,261,308,173,162,124,21,135,265,257,140,176,228,73,233,197
HLA-DMA,NM_006120.3,Endogenous,44,31,21,27,35,26,17,22,4,15,28,35,21,22,21,6,40,19
HLA-DMB,NM_002118.3,Endogenous,6,10,7,1,10,3,10,9,6,5,5,3,1,9,10,4,6,8
HLA-DOB,NM_002120.3,Endogenous,20,8,11,10,16,6,8,13,2,10,11,16,13,11,9,9,4,10
HLA-DPA1,NM_033554.2,Endogenous,6,16,11,18,12,13,6,16,4,11,10,4,9,5,9,3,9,9
HLA-DPB1,NM_002121.4,Endogenous,52,32,28,38,37,15,18,22,11,25,37,30,13,12,14,7,33,17
HLA-DQA1,NM_002122.3,Endogenous,6,9,7,8,10,5,5,8,3,3,4,7,4,4,7,5,10,7
HLA-DQB1,NM_002123.3,Endogenous,7,6,3,3,7,3,9,3,3,2,5,10,4,3,9,5,9,3
HLA-DRA,NM_019111.3,Endogenous,11,6,9,9,14,2,12,14,3,7,14,13,8,4,12,3,8,3
HLA-DRB3,NM_022555.3,Endogenous,16,23,15,24,25,17,25,30,31,25,34,23,18,29,21,22,16,25
HLA-DRB4,NM_021983.4,Endogenous,16,9,9,13,15,14,15,16,14,7,16,12,16,4,12,15,7,5
HLA-E,NM_005516.4,Endogenous,1305,767,605,1108,1823,483,427,405,81,482,1466,779,319,390,393,176,765,439
HLA-G,NM_002127.4,Endogenous,1569,950,604,952,958,618,518,552,58,438,720,1086,433,527,568,244,1028,576
HMGB1,NM_002128.4,Endogenous,811,422,423,557,596,297,276,250,48,282,495,495,197,236,235,85,418,252
HRAS,NM_005343.2,Endogenous,183,118,73,93,109,85,74,60,13,43,85,136,51,80,71,30,132,77
HSD11B1,NM_181755.1,Endogenous,75,6,66,302,334,8,85,20,19,198,380,13,18,8,8,5,3,8
ICAM1,NM_000201.2,Endogenous,95,35,36,32,25,25,25,20,6,10,35,24,18,16,24,11,43,16
ICAM2,NM_000873.3,Endogenous,21,17,6,19,17,24,14,18,11,14,15,18,11,11,10,10,24,9
ICAM3,NM_002162.3,Endogenous,186,107,88,129,160,64,66,67,16,51,135,127,75,68,63,46,128,83
ICAM4,NM_001039132.1,Endogenous,19,11,13,8,16,7,8,4,5,10,4,12,8,9,4,8,14,10
ICOS,NM_012092.2,Endogenous,14,7,5,10,8,8,12,6,3,3,9,11,11,9,8,4,1,6
ICOSLG,NM_015259.4,Endogenous,29,3,93,51,138,6,28,6,21,66,169,11,9,9,5,3,6,9
IDO1,NM_002164.3,Endogenous,18,12,4,8,20,5,10,6,2,14,11,15,8,14,10,3,14,9
IFI16,NM_005531.1,Endogenous,1635,1017,842,1015,1132,773,670,502,108,436,950,1083,472,582,561,212,1115,666
IFI27,NM_005532.3,Endogenous,34,16,22,15,157,11,13,10,6,8,76,19,11,11,7,5,27,10
IFI35,NM_005533.3,Endogenous,46,49,43,51,251,35,23,27,9,25,189,60,28,25,20,16,53,31
IFIH1,NM_022168.2,Endogenous,23,13,12,19,67,13,11,13,3,14,47,14,7,15,16,7,18,11
IFIT1,NM_001548.3,Endogenous,69,124,80,102,800,118,37,77,15,60,701,125,68,63,69,38,115,66
IFIT2,NM_001547.4,Endogenous,87,97,41,68,235,77,52,58,11,28,228,130,40,51,61,35,126,74
IFITM1,NM_003641.3,Endogenous,587,290,803,1113,8001,218,184,147,38,292,4960,286,122,168,180,77,371,167
IFITM2,NM_006435.2,Endogenous,1127,1097,384,894,1303,678,296,444,41,316,841,974,438,540,581,211,1192,595
IFNA1,NM_024013.1,Endogenous,5,13,10,8,5,3,4,6,7,5,8,6,3,6,6,8,11,8
IFNA17,NM_021268.2,Endogenous,15,3,16,11,9,6,8,7,2,9,13,16,6,8,6,4,15,8
IFNA2,NM_000605.3,Endogenous,6,8,12,10,8,4,4,8,7,6,10,7,9,8,3,6,4,8
IFNA7,NM_021057.2,Endogenous,22,20,19,27,30,19,15,33,23,33,25,24,27,23,21,16,19,14
IFNA8,NM_002170.3,Endogenous,9,9,8,10,3,5,5,11,4,2,5,8,6,7,5,7,15,6
IFNAR1,NM_000629.2,Endogenous,169,71,78,100,131,96,56,55,19,62,82,100,34,52,58,19,88,84
IFNAR2,NM_000874.3,Endogenous,334,190,145,163,150,135,105,112,15,79,131,176,78,111,87,46,233,129
IFNB1,NM_002176.2,Endogenous,20,9,9,8,6,5,3,6,4,4,6,9,7,3,5,2,4,4
IFNG,NM_000619.2,Endogenous,14,11,9,10,15,19,13,29,15,14,14,9,20,21,16,18,12,13
IFNGR1,NM_000416.1,Endogenous,827,313,918,993,1497,230,359,176,104,538,1423,410,143,168,170,72,343,228
IFNL1,NM_172140.1,Endogenous,52,41,44,43,39,52,49,43,28,31,42,50,55,52,55,44,48,51
IFNL2,NM_172138.1,Endogenous,23,12,17,15,19,15,13,22,4,10,13,15,15,18,18,7,14,13
IGF1R,NM_000875.2,Endogenous,367,213,102,197,147,150,138,136,25,126,100,255,68,126,110,47,203,127
IGF2R,NM_000876.1,Endogenous,615,260,351,393,438,191,239,139,32,251,386,275,120,167,144,74,309,158
IGLL1,NM_020070.2,Endogenous,8,7,12,7,10,5,9,10,6,10,5,13,7,7,6,8,10,6
IKBKB,NM_001556.1,Endogenous,96,63,31,59,46,45,39,27,3,21,42,69,37,50,44,14,68,39
IKBKE,NM_014002.2,Endogenous,88,44,69,44,57,37,31,31,14,36,53,36,30,31,33,13,56,35
IKBKG,NM_003639.2,Endogenous,147,78,66,96,93,54,41,39,11,36,72,97,39,68,49,18,79,58
IL10,NM_000572.2,Endogenous,15,12,8,6,23,5,7,17,13,10,8,6,12,12,9,11,11,15
IL10RA,NM_001558.2,Endogenous,17,14,12,10,14,8,11,7,6,8,12,10,8,4,10,6,8,8
IL11,NM_000641.2,Endogenous,17,15,7,11,6,10,5,13,3,7,9,16,9,6,10,9,10,5
IL11RA,NM_147162.1,Endogenous,52,33,21,33,34,35,26,25,9,24,27,34,17,12,24,14,34,20
IL12A,NM_000882.2,Endogenous,37,33,29,22,27,17,19,30,18,18,28,16,19,19,17,15,18,21
IL12B,NM_002187.2,Endogenous,7,12,16,8,13,5,4,8,5,7,12,6,8,10,7,8,7,8
IL12RB1,NM_005535.1,Endogenous,17,11,11,11,14,14,7,30,19,11,12,13,14,19,13,13,14,8
IL12RB2,NM_001559.2,Endogenous,6,3,3,1,5,2,2,7,2,1,3,2,3,3,1,1,1,3
IL13,NM_002188.2,Endogenous,7,4,4,4,7,4,5,10,7,2,4,3,6,5,6,7,5,2
IL13RA1,NM_001560.2,Endogenous,997,549,297,478,463,395,315,266,31,196,320,559,194,272,269,112,558,356
IL13RA2,NM_000640.2,Endogenous,6,6,4,7,4,3,4,8,4,4,3,4,3,5,1,7,8,6
IL15,NM_172174.1,Endogenous,66,47,41,30,49,40,32,48,8,18,44,56,27,28,42,22,47,24
IL15RA,NM_002189.2,Endogenous,18,13,15,6,25,6,11,11,4,4,30,8,12,10,15,13,23,16
IL16,NM_004513.4,Endogenous,56,39,21,13,17,27,16,25,5,9,16,32,14,13,19,9,29,19
IL17A,NM_002190.2,Endogenous,17,6,8,14,17,4,15,4,7,5,12,13,11,8,13,8,9,14
IL17B,NM_014443.2,Endogenous,8,6,7,3,3,4,7,11,2,6,4,3,5,4,2,6,9,3
IL17F,NM_052872.3,Endogenous,10,8,9,10,5,6,10,6,8,6,6,9,6,5,6,6,11,9
IL17RA,NM_014339.6,Endogenous,119,90,67,91,92,59,59,56,27,48,71,70,32,48,50,14,76,40
IL17RB,NM_018725.3,Endogenous,12,4,4,5,11,6,5,11,4,3,4,6,10,9,6,6,6,10
IL18,NM_001562.2,Endogenous,22,20,18,23,18,14,18,21,16,16,17,17,16,17,20,18,24,17
IL18R1,NM_003855.2,Endogenous,15,16,10,76,55,7,8,5,3,30,29,8,6,6,9,6,15,8
IL18RAP,NM_003853.2,Endogenous,9,4,2,9,6,7,9,3,8,2,7,4,8,8,4,5,2,6
IL19,NM_013371.3,Endogenous,11,6,11,9,9,8,5,6,9,6,11,6,4,6,3,1,7,9
IL1A,NM_000575.3,Endogenous,7,2,7,6,8,6,9,12,5,7,8,8,6,6,14,8,20,11
IL1B,NM_000576.2,Endogenous,50,27,4,4,8,14,18,24,6,10,9,18,16,19,52,10,45,57
IL1R1,NM_000877.2,Endogenous,777,239,290,1780,1259,171,305,99,30,655,803,199,83,103,117,40,249,129
IL1R2,NM_173343.1,Endogenous,9,7,9,10,13,7,8,11,6,9,5,7,8,5,6,7,9,1
IL1RAP,NM_002182.2,Endogenous,80,93,33,35,73,73,20,61,7,23,60,121,42,45,49,21,102,57
IL1RAPL2,NM_017416.1,Endogenous,15,19,16,17,20,18,11,9,9,16,19,18,15,16,16,15,25,9
IL1RL1,NM_016232.4,Endogenous,11,6,13,20,13,9,13,30,18,24,15,12,17,13,17,17,13,16
IL1RL2,NM_003854.2,Endogenous,24,14,18,18,17,10,13,10,7,8,17,8,4,2,6,8,17,9
IL1RN,NM_000577.3,Endogenous,9,8,7,8,9,6,4,5,9,5,15,9,9,11,6,4,4,4
IL2,NM_000586.2,Endogenous,3,9,10,7,2,5,1,5,7,7,6,8,6,7,4,13,9,7
IL21,NM_021803.2,Endogenous,8,1,3,5,9,5,3,8,5,7,10,7,8,10,3,4,6,4
IL21R,NM_021798.2,Endogenous,22,10,26,7,11,9,16,5,8,5,6,15,7,12,5,4,15,9
IL22,NM_020525.4,Endogenous,2,1,5,5,4,1,4,2,1,1,2,1,4,1,1,2,1,4
IL22RA1,NM_021258.2,Endogenous,15,17,20,14,15,19,13,14,12,14,19,14,23,8,23,16,18,16
IL22RA2,NM_181310.1,Endogenous,10,10,5,10,6,7,7,18,11,8,9,7,8,12,8,13,12,6
IL23A,NM_016584.2,Endogenous,11,9,15,9,10,13,9,18,16,18,11,15,12,12,8,11,9,11
IL23R,NM_144701.2,Endogenous,3,2,9,3,1,6,4,2,5,3,2,2,4,3,3,4,3,2
IL24,NM_181339.1,Endogenous,10,10,10,8,8,5,6,17,16,12,17,15,10,7,13,16,17,15
IL25,NM_022789.2,Endogenous,18,9,12,13,12,11,4,11,4,7,9,10,8,6,7,5,15,15
IL26,NM_018402.1,Endogenous,23,24,16,12,22,9,19,28,20,13,21,21,20,20,21,20,22,17
IL27,NM_145659.3,Endogenous,6,3,1,4,3,2,6,6,1,1,7,6,5,4,1,3,1,4
IL2RA,NM_000417.1,Endogenous,15,12,5,10,5,4,8,9,8,6,7,12,10,12,7,7,13,8
IL2RB,NM_000878.2,Endogenous,28,20,20,18,20,15,13,12,6,11,23,19,11,8,16,5,12,11
IL2RG,NM_000206.1,Endogenous,13,3,9,6,6,7,6,9,7,6,9,4,3,7,8,4,7,3
IL3,NM_000588.3,Endogenous,8,16,8,11,9,6,5,21,10,10,11,11,7,12,9,8,10,5
IL32,NM_004221.4,Endogenous,23,7,13,6,9,9,12,17,5,6,3,6,11,6,15,6,10,10
IL34,NM_152456.1,Endogenous,16,9,20,11,10,5,8,7,7,8,10,14,10,16,8,3,7,16
IL3RA,NM_002183.2,Endogenous,16,8,18,20,10,9,10,6,9,12,8,7,13,8,11,13,8,9
IL4,NM_000589.2,Endogenous,14,11,11,12,10,14,12,27,19,12,10,11,7,10,15,16,10,6
IL4R,NM_000418.2,Endogenous,250,150,140,134,162,88,97,69,18,62,149,102,54,63,79,35,112,93
IL5,NM_000879.2,Endogenous,3,4,11,4,4,4,3,1,2,6,7,6,4,2,4,6,9,2
IL5RA,NM_000564.3,Endogenous,19,12,15,12,20,9,11,10,6,13,16,16,4,14,10,5,25,17
IL6,NM_000600.1,Endogenous,287,110,61,26,20,69,25,60,4,5,4,116,47,61,54,31,138,73
IL6R,NM_000565.2,Endogenous,19,9,9,22,14,12,13,4,8,20,15,5,6,11,8,6,14,9
IL6ST,NM_002184.2,Endogenous,3207,2961,1309,1418,1385,2321,970,1508,113,420,827,3147,1327,1728,2023,620,3451,2403
IL7,NM_000880.2,Endogenous,26,11,5,9,12,8,15,12,11,11,16,17,10,12,11,8,15,10
IL7R,NM_002185.2,Endogenous,9,18,10,14,11,11,10,6,6,6,17,11,13,16,10,5,13,12
IL8,NM_000584.2,Endogenous,95,11,17,50,37,7,21,8,10,48,18,16,10,17,27,9,19,35
IL9,NM_000590.1,Endogenous,9,6,4,4,6,1,5,7,2,5,1,6,5,7,3,5,5,9
ILF3,NM_001137673.1,Endogenous,976,507,457,532,600,393,333,283,50,227,555,552,250,342,326,136,646,410
INPP5D,NM_005541.3,Endogenous,13,10,6,6,5,6,4,3,4,4,5,11,4,4,3,4,3,3
IRAK1,NM_001569.3,Endogenous,708,247,162,348,306,155,180,116,34,128,242,225,83,122,167,75,245,162
IRAK2,NM_001570.3,Endogenous,449,61,105,94,48,36,118,32,24,52,28,52,14,44,51,20,84,61
IRAK4,NM_016123.1,Endogenous,116,87,50,92,91,79,52,59,15,46,73,118,51,45,58,15,110,63
IRF1,NM_002198.1,Endogenous,121,111,53,63,182,61,37,55,4,21,147,110,43,57,81,21,133,80
IRF2,NM_002199.3,Endogenous,334,177,171,279,216,156,144,155,80,116,192,218,136,128,138,92,216,140
IRF3,NM_001571.5,Endogenous,52,38,29,29,44,16,23,41,24,16,31,37,22,29,29,13,44,22
IRF4,NM_002460.1,Endogenous,14,10,10,9,9,5,10,19,12,9,12,10,11,8,9,13,5,10
IRF5,NM_002200.3,Endogenous,8,14,11,6,5,6,8,4,6,4,4,7,5,9,6,7,10,4
IRF7,NM_001572.3,Endogenous,19,19,14,23,36,18,9,8,3,13,31,12,8,8,19,5,18,11
IRF8,NM_002163.2,Endogenous,8,5,6,17,13,6,11,6,6,7,10,9,4,4,5,4,13,9
IRGM,NM_001145805.1,Endogenous,1,1,1,1,1,1,1,2,3,1,1,1,1,1,1,1,1,6
ISG15,NM_005101.3,Endogenous,144,103,160,147,2072,58,49,57,14,40,1309,125,48,56,71,32,107,60
ISG20,NM_002201.4,Endogenous,97,32,137,51,179,26,37,22,15,67,202,21,8,12,36,5,42,23
ITCH,NM_001257138.1,Endogenous,1005,679,429,606,601,473,382,346,30,244,507,749,270,335,349,106,687,458
ITGA1,NM_181501.1,Endogenous,312,151,282,225,289,96,135,86,20,78,245,155,82,70,94,36,163,98
ITGA2,NM_002203.2,Endogenous,1139,204,194,21,33,128,250,110,22,7,7,136,101,167,285,43,274,327
ITGA2B,NM_000419.3,Endogenous,4,6,5,3,7,3,5,7,4,1,8,4,6,6,6,6,6,4
ITGA4,NM_000885.4,Endogenous,36,30,26,28,31,13,11,15,9,11,35,26,15,13,10,9,22,15
ITGA5,NM_002205.2,Endogenous,5471,1519,2678,8038,8999,1068,1889,779,235,3651,6521,1538,716,872,946,279,1617,1007
ITGA6,NM_000210.1,Endogenous,150,135,28,17,19,104,52,62,4,12,13,132,64,100,117,29,143,101
ITGAE,NM_002208.4,Endogenous,189,135,69,150,152,110,70,97,17,69,100,167,61,74,84,39,153,100
ITGAL,NM_002209.2,Endogenous,16,10,13,9,15,8,4,23,10,14,9,9,10,10,10,14,10,9
ITGAM,NM_000632.3,Endogenous,8,10,10,3,10,7,6,8,4,8,11,13,8,9,10,8,5,5
ITGAX,NM_000887.3,Endogenous,4,9,15,5,8,7,10,13,9,3,11,17,7,6,8,7,14,6
ITGB1,NM_033666.2,Endogenous,25945,18830,9023,9409,10253,13794,7535,10013,787,3544,6677,20695,7917,9930,10818,3688,20050,12520
ITGB2,NM_000211.2,Endogenous,12,10,6,8,5,5,5,8,7,5,14,6,1,6,5,7,10,6
ITGB3,NM_000212.2,Endogenous,213,50,204,101,291,45,85,36,24,85,324,72,30,42,60,17,57,74
ITGB4,NM_001005731.1,Endogenous,18,10,6,12,4,6,5,6,2,4,5,9,2,6,6,5,15,4
ITK,NM_005546.3,Endogenous,7,8,10,6,7,7,1,12,4,7,6,5,6,3,10,2,9,5
JAK1,NM_002227.1,Endogenous,764,520,352,862,804,340,304,245,43,347,580,456,230,260,285,82,468,289
JAK2,NM_004972.2,Endogenous,671,244,355,775,802,192,273,164,37,315,666,256,123,162,155,51,308,180
JAK3,NM_000215.2,Endogenous,2,1,2,6,1,1,2,3,1,4,1,3,3,4,2,2,8,2
JAM3,NM_032801.3,Endogenous,676,414,389,362,471,352,275,251,45,179,399,549,228,251,264,113,474,312
KIR3DL1,NM_013289.2,Endogenous,28,10,7,18,15,10,13,12,6,5,11,20,12,6,16,6,20,7
KIR3DL2,NM_006737.2,Endogenous,11,6,11,15,17,6,5,12,5,3,11,17,6,4,7,6,10,7
KIR3DL3,NM_153443.3,Endogenous,17,13,10,10,26,11,12,31,17,15,11,12,12,8,20,15,12,7
KIR_Activating_Subgroup_1,NM_001083539.1,Endogenous,7,6,9,6,11,8,7,6,3,3,7,6,9,6,6,6,10,6
KIR_Activating_Subgroup_2,NM_014512.1,Endogenous,6,6,4,9,11,6,7,6,4,5,5,9,5,9,6,4,7,5
KIR_Inhibiting_Subgroup_1,NM_014218.2,Endogenous,18,17,17,14,9,8,10,20,6,9,10,12,11,7,12,6,17,11
KIR_Inhibiting_Subgroup_2,NM_014511.3,Endogenous,25,11,9,15,10,10,7,8,3,15,14,14,11,11,10,4,11,12
KIT,NM_000222.2,Endogenous,5,12,11,10,7,7,3,15,9,14,4,11,8,9,5,6,3,9
KLRB1,NM_002258.2,Endogenous,7,6,6,5,5,3,5,7,5,4,9,7,3,5,1,5,3,5
KLRC1,NM_002259.3,Endogenous,56,26,30,25,34,14,16,21,13,27,26,25,22,21,20,16,23,21
KLRC2,NM_002260.3,Endogenous,11,7,14,3,12,8,7,9,6,4,4,16,2,5,13,2,7,8
KLRD1,NM_002262.3,Endogenous,20,11,12,12,16,14,15,27,16,14,7,17,31,10,14,15,13,15
KLRF1,NM_016523.1,Endogenous,15,11,10,19,18,9,11,7,6,7,10,7,20,10,7,6,10,7
KLRG1,NM_005810.3,Endogenous,8,6,11,8,6,3,9,12,11,7,7,12,12,6,9,3,9,14
KLRK1,NM_007360.3,Endogenous,15,9,5,4,6,11,8,5,5,8,2,14,3,8,6,10,15,6
LAG3,NM_002286.5,Endogenous,4,4,6,4,8,1,5,6,1,4,8,7,3,2,6,3,10,2
LAIR2,NM_002288.3,Endogenous,8,1,6,4,4,3,8,6,5,6,3,5,7,4,4,3,3,3
LAMP1,NM_005561.3,Endogenous,6693,3494,2477,3872,3443,2655,2201,1922,195,1560,2535,4125,1558,1995,2003,742,3722,2193
LAMP2,NM_001122606.1,Endogenous,1430,657,495,771,592,473,487,310,56,318,454,672,290,353,419,125,758,473
LAMP3,NM_014398.3,Endogenous,17,4,7,12,4,6,7,7,2,4,7,12,6,8,5,4,9,8
LBP,NM_004139.2,Endogenous,13,5,3,12,11,7,3,2,5,3,7,7,6,5,5,3,3,3
LCK,NM_005356.2,Endogenous,14,10,7,5,11,11,11,20,5,4,10,17,4,4,4,9,13,6
LCN2,NM_005564.3,Endogenous,14,11,4,10,9,5,4,11,10,10,7,12,10,5,7,5,11,7
LCP1,NM_002298.4,Endogenous,16,11,18,8,7,8,11,22,14,13,10,10,13,9,7,7,11,6
LGALS3,NM_001177388.1,Endogenous,6346,3568,3097,3161,2833,2441,2409,1723,296,1603,2139,3804,1402,1761,1901,698,3358,1966
LIF,NM_002309.3,Endogenous,146,32,42,11,13,23,63,23,6,10,10,46,22,26,45,10,47,54
LILRA1,NM_006863.1,Endogenous,15,11,15,8,12,5,14,22,16,11,12,6,12,15,15,14,13,10
LILRA4,NM_012276.3,Endogenous,6,2,6,3,14,5,8,17,14,8,10,6,6,7,9,3,6,6
LILRA5,NM_181879.2,Endogenous,10,5,6,9,5,5,4,4,6,4,4,6,3,6,7,5,3,8
LILRB1,NM_001081637.1,Endogenous,16,14,16,15,19,10,14,5,13,5,12,10,25,19,14,8,15,12
LILRB2,NM_005874.1,Endogenous,21,12,10,8,19,10,11,16,8,8,8,12,5,7,7,7,15,12
LILRB3,NM_006864.2,Endogenous,9,5,10,9,2,5,4,11,3,11,10,6,6,6,5,2,13,6
LRP1,NM_002332.2,Endogenous,2521,1136,995,1229,998,953,797,651,108,589,949,1193,587,683,757,272,1367,829
LRRN3,NM_001099660.1,Endogenous,22,17,13,11,22,10,9,10,5,3,7,15,8,11,7,6,16,10
LTA,NM_000595.2,Endogenous,23,19,11,18,15,11,9,18,6,8,12,12,5,10,14,10,18,12
LTB,NM_002341.1,Endogenous,5,6,1,10,10,5,3,7,3,5,9,5,9,8,3,5,5,4
LTBR,NM_002342.1,Endogenous,592,304,272,410,377,217,166,145,31,185,333,296,136,160,190,52,297,197
LTF,NM_002343.2,Endogenous,22,15,13,12,19,16,14,19,7,13,23,20,16,10,14,9,27,22
LTK,NM_001135685.1,Endogenous,15,9,4,7,6,5,7,10,3,6,7,6,11,15,8,7,4,6
LY86,NM_004271.3,Endogenous,37,26,19,32,27,22,25,15,21,13,18,15,28,22,19,26,16,22
LY9,NM_001033667.1,Endogenous,8,7,8,7,13,9,6,12,6,5,7,5,4,10,10,4,7,8
LY96,NM_015364.2,Endogenous,394,249,156,130,116,177,122,113,15,71,69,244,76,101,168,55,272,162
LYN,NM_002350.1,Endogenous,23,9,12,12,17,8,13,9,8,12,23,17,4,10,10,9,13,13
MAF,NM_005360.4,Endogenous,59,23,45,28,29,25,35,34,8,33,15,19,20,14,17,17,26,20
MAGEA1,NM_004988.4,Endogenous,5,6,5,6,6,2,2,3,2,1,6,7,3,2,5,1,1,6
MAGEA12,NM_001166386.1,Endogenous,6,8,10,11,12,11,12,10,7,7,13,12,8,8,8,10,9,9
MAGEA3,NM_005362.3,Endogenous,11,15,13,7,7,11,10,15,9,4,9,6,9,7,4,6,12,8
MAGEA4,NM_001011548.1,Endogenous,3,6,5,5,3,5,6,3,6,2,2,4,6,4,6,6,6,6
MAGEB2,NM_002364.4,Endogenous,5,6,6,5,8,3,1,5,6,1,4,1,1,4,7,4,2,1
MAGEC1,NM_005462.4,Endogenous,8,8,13,12,10,11,6,25,9,9,5,5,12,10,9,8,11,8
MAGEC2,NM_016249.3,Endogenous,22,16,14,9,16,12,18,32,14,14,13,12,15,12,17,16,19,11
MAP2K1,NM_002755.2,Endogenous,806,400,325,366,539,265,195,216,43,160,416,417,208,209,262,82,441,294
MAP2K2,NM_030662.2,Endogenous,2152,1168,847,1716,1465,827,684,481,74,605,974,1182,476,587,655,228,1174,713
MAP2K4,NM_003010.2,Endogenous,166,82,85,94,85,74,46,56,15,39,62,110,32,59,54,25,86,68
MAP3K1,NM_005921.1,Endogenous,55,42,56,47,47,36,22,31,14,33,58,40,28,24,25,12,52,34
MAP3K5,NM_005923.3,Endogenous,741,140,247,662,519,110,267,96,19,238,337,154,62,103,115,42,190,135
MAP3K7,NM_145333.1,Endogenous,788,544,389,441,434,417,339,316,55,178,339,641,244,283,305,128,585,364
MAP4K2,NM_004579.2,Endogenous,55,27,18,33,33,20,17,27,11,18,22,39,23,17,33,13,26,26
MAPK1,NM_138957.2,Endogenous,1095,629,474,558,649,475,362,346,47,214,416,730,242,357,378,105,714,426
MAPK11,NM_002751.5,Endogenous,23,22,13,23,25,10,9,11,3,14,17,19,14,14,17,10,17,11
MAPK14,NM_001315.1,Endogenous,598,314,251,455,442,241,237,202,33,202,332,365,139,186,200,67,389,214
MAPK3,NM_001040056.1,Endogenous,604,439,232,420,334,297,235,202,25,175,241,467,185,226,238,96,425,255
MAPK8,NM_002750.2,Endogenous,274,176,129,125,142,122,81,113,23,68,100,205,76,98,107,45,168,128
MAPKAPK2,NM_004759.3,Endogenous,562,252,306,598,517,178,213,128,37,275,465,259,103,139,173,46,268,154
MARCO,NM_006770.3,Endogenous,11,11,8,6,10,11,7,18,9,17,11,16,11,5,14,15,5,12
MASP1,NM_139125.3,Endogenous,10,7,7,11,8,15,11,15,10,7,7,11,20,11,12,6,12,5
MASP2,NM_139208.1,Endogenous,3,4,1,3,3,3,3,4,2,1,3,1,2,1,1,2,1,2
MAVS,NM_020746.3,Endogenous,399,194,144,261,240,160,126,103,12,96,185,207,96,110,153,53,222,159
MBL2,NM_000242.2,Endogenous,18,15,11,15,22,8,17,6,8,5,10,9,10,7,9,4,9,4
MCAM,NM_006500.2,Endogenous,50,29,32,43,129,28,28,19,11,16,83,31,16,21,18,8,35,22
MEF2C,NM_002397.3,Endogenous,68,35,58,34,63,52,31,29,12,16,100,70,32,32,22,13,60,39
MEFV,NM_000243.2,Endogenous,10,5,8,11,3,6,6,9,3,6,8,6,4,10,6,5,13,11
MERTK,NM_006343.2,Endogenous,19,16,15,21,17,13,13,30,19,27,20,15,18,7,11,14,15,13
MFGE8,NM_001114614.1,Endogenous,7592,3791,3100,5474,5903,2688,2398,1947,296,2517,5201,4189,1772,2021,2154,777,4068,2337
MICA,NM_000247.1,Endogenous,74,55,29,40,27,30,32,24,4,18,33,64,31,33,29,15,67,31
MICB,NM_005931.3,Endogenous,114,76,35,57,47,48,41,38,2,12,33,82,35,39,51,18,83,64
MIF,NM_002415.1,Endogenous,1201,824,440,785,1150,438,306,356,34,361,794,824,358,360,457,133,887,442
MME,NM_000902.2,Endogenous,158,108,62,294,196,97,63,73,6,123,142,106,51,43,65,23,135,84
MNX1,NM_005515.3,Endogenous,5,8,5,8,8,4,4,7,5,1,6,9,5,4,4,6,5,8
MPPED1,NM_001044370.1,Endogenous,5,5,7,6,8,4,5,10,5,3,5,6,5,3,5,5,5,6
MR1,NM_001531.2,Endogenous,114,92,60,88,72,62,49,45,22,40,72,84,38,44,43,25,84,54
MRC1,NM_002438.2,Endogenous,9,9,6,5,7,3,6,13,5,9,8,11,11,7,6,6,7,6
MS4A1,NM_152866.2,Endogenous,4,5,5,5,11,7,5,4,6,4,7,3,5,2,2,6,4,5
MS4A2,NM_000139.3,Endogenous,6,9,14,13,4,5,5,15,11,8,7,14,9,3,7,1,6,2
MSR1,NM_002445.3,Endogenous,35,21,25,24,18,21,11,14,10,14,18,31,18,11,26,10,24,15
MST1R,NM_002447.1,Endogenous,12,11,13,7,9,5,4,6,6,5,8,6,2,9,6,10,10,6
MUC1,NM_001018017.1,Endogenous,36,51,21,24,35,33,17,28,6,11,30,44,24,27,19,14,45,23
MX1,NM_002462.2,Endogenous,226,183,433,533,5267,104,120,111,55,168,3921,187,67,84,85,53,167,106
MYD88,NM_002468.3,Endogenous,169,81,86,90,179,65,40,38,8,44,105,94,38,52,50,15,94,61
NCAM1,NM_000615.5,Endogenous,27,23,15,11,15,25,15,20,9,7,10,22,24,20,13,14,29,25
NCF4,NM_000631.4,Endogenous,12,11,5,9,15,7,7,11,9,8,9,6,9,12,10,7,13,11
NCR1,NM_004829.5,Endogenous,11,2,5,9,7,8,13,18,16,8,5,8,11,4,8,9,6,9
NEFL,NM_006158.3,Endogenous,7,9,9,11,16,7,9,12,3,5,10,5,10,9,6,8,8,12
NFATC1,NM_172389.1,Endogenous,63,37,23,56,37,29,33,34,12,28,27,50,25,18,25,26,53,33
NFATC2,NM_012340.3,Endogenous,83,52,51,86,82,30,45,25,14,30,73,29,34,33,33,19,31,26
NFATC3,NM_004555.2,Endogenous,317,193,107,150,129,175,119,123,30,69,94,271,104,119,120,48,207,131
NFATC4,NM_001136022.2,Endogenous,207,113,85,133,91,115,85,83,15,69,95,149,72,91,84,42,154,76
NFKB1,NM_003998.2,Endogenous,149,76,73,106,102,66,57,47,13,34,90,108,37,53,34,18,100,60
NFKB2,NM_002502.2,Endogenous,142,80,39,47,38,47,40,36,6,23,40,72,35,44,56,23,100,60
NFKBIA,NM_020529.1,Endogenous,651,198,155,618,542,164,145,112,16,210,360,241,94,132,146,72,335,150
NLRC5,NM_032206.4,Endogenous,79,31,37,46,63,26,33,30,7,26,66,48,20,29,35,15,38,34
NLRP3,NM_001079821.2,Endogenous,19,20,15,18,11,7,6,12,8,6,9,17,9,8,14,10,19,8
NOD1,NM_006092.1,Endogenous,83,64,51,77,60,39,28,41,7,26,56,58,32,23,33,23,75,50
NOD2,NM_022162.1,Endogenous,7,4,3,4,10,6,4,8,8,3,6,3,3,7,5,6,6,2
NOS2A,NM_153292.1,Endogenous,3,4,2,6,5,2,3,5,3,1,3,2,9,6,4,6,4,1
NOTCH1,NM_017617.3,Endogenous,53,24,58,24,39,11,26,10,10,9,46,22,12,11,13,5,36,16
NRP1,NM_003873.5,Endogenous,2200,1268,1100,1072,1507,952,752,651,106,522,1478,1423,620,811,1024,275,1678,1135
NT5E,NM_002526.2,Endogenous,2800,1053,408,475,457,799,787,625,57,166,273,1289,506,664,917,207,1323,1208
NUP107,NM_020401.2,Endogenous,314,184,128,172,182,134,133,145,32,76,145,188,91,108,116,53,204,138
OAS3,NM_006187.2,Endogenous,20,14,39,33,423,8,17,8,9,9,332,22,9,12,15,7,15,12
OSM,NM_020530.4,Endogenous,19,17,8,13,13,14,7,27,17,10,12,12,16,20,20,16,13,8
PASD1,NM_173493.2,Endogenous,5,8,4,7,7,8,10,15,6,13,8,10,9,6,7,13,4,7
PAX5,NM_016734.1,Endogenous,4,4,2,6,10,8,6,20,10,11,6,7,11,10,11,7,6,14
PBK,NM_018492.2,Endogenous,8,7,6,7,3,8,7,10,5,5,12,14,7,8,10,6,21,14
PDCD1,NM_005018.1,Endogenous,10,2,1,1,5,3,9,4,1,4,5,3,4,8,6,5,4,5
PDCD1LG2,NM_025239.3,Endogenous,39,56,9,18,19,52,11,41,1,11,18,86,32,49,73,14,98,58
PDGFC,NM_016205.2,Endogenous,1570,942,215,222,117,687,467,502,20,69,59,1190,401,509,649,179,1009,675
PDGFRB,NM_002609.3,Endogenous,7172,2670,7890,6982,9175,1897,3476,1458,688,3466,7371,2932,984,1324,1303,525,2537,1510
PECAM1,NM_000442.3,Endogenous,31,9,18,9,15,9,14,13,13,13,16,15,19,9,18,9,16,10
PIK3CD,NM_005026.3,Endogenous,135,51,38,60,31,48,54,31,7,31,23,62,29,32,51,11,67,44
PIK3CG,NM_002649.2,Endogenous,5,7,6,6,2,2,4,8,5,2,10,7,5,3,4,7,5,9
PIN1,NM_006221.2,Endogenous,181,139,45,71,78,73,51,59,9,32,52,102,40,55,64,26,137,76
PLA2G1B,NM_000928.2,Endogenous,12,9,6,17,9,12,7,22,6,13,7,15,18,8,10,10,12,12
PLA2G6,NM_001004426.1,Endogenous,65,45,23,48,31,34,29,43,10,31,42,45,20,29,30,15,40,25
PLAU,NM_002658.2,Endogenous,476,811,243,135,233,502,138,372,33,68,321,870,315,422,566,182,1063,578
PLAUR,NM_001005376.1,Endogenous,776,248,330,144,201,138,180,124,36,74,130,229,139,140,284,48,324,276
PMCH,NM_002674.2,Endogenous,15,10,16,12,9,8,12,10,6,10,13,15,11,11,12,12,19,9
PNMA1,NM_006029.4,Endogenous,337,155,123,184,167,107,109,96,20,88,136,186,77,84,104,59,159,120
POU2AF1,NM_006235.2,Endogenous,5,6,10,10,8,2,5,8,7,8,7,7,6,4,7,7,6,9
POU2F2,NM_002698.2,Endogenous,206,62,53,35,26,32,79,50,24,14,19,63,26,32,54,34,56,64
PPARG,NM_015869.3,Endogenous,6,3,5,57,81,3,8,3,4,35,69,6,6,6,4,3,9,5
PPBP,NM_002704.2,Endogenous,15,19,14,8,16,7,11,15,10,8,10,10,13,10,7,6,10,9
PRAME,NM_006115.3,Endogenous,7,4,5,10,3,7,6,7,9,6,9,5,12,10,6,11,4,7
PRF1,NM_005041.3,Endogenous,10,4,8,6,9,4,6,7,3,6,1,6,3,9,4,7,2,6
PRG2,NM_002728.4,Endogenous,6,9,15,9,15,13,2,7,3,3,8,8,3,1,4,8,9,4
PRKCD,NM_006254.3,Endogenous,96,50,48,73,111,47,34,35,12,41,88,45,24,36,37,12,59,31
PRKCE,NM_005400.2,Endogenous,7,20,10,10,13,8,11,9,3,6,10,11,5,7,7,8,18,7
PRM1,NM_002761.2,Endogenous,12,7,4,6,11,3,4,8,7,6,10,3,7,1,7,2,10,3
PSEN1,NM_000021.2,Endogenous,573,331,220,295,251,239,189,186,28,102,168,367,126,176,166,80,336,208
PSEN2,NM_000447.2,Endogenous,95,31,30,40,40,30,30,12,9,25,33,29,16,22,28,8,50,23
PSMB10,NM_002801.2,Endogenous,126,124,92,93,205,84,43,64,10,34,166,109,40,76,84,28,128,88
PSMB7,NM_002799.2,Endogenous,2789,1716,1345,1552,1696,1048,934,856,151,781,1320,1751,616,816,995,315,1700,1083
PSMB8,NM_004159.4,Endogenous,698,519,357,451,931,328,259,289,36,163,674,633,190,268,302,120,569,318
PSMB9,NM_002800.4,Endogenous,198,205,131,140,773,125,96,109,30,65,574,213,101,122,127,58,250,117
PSMD7,NM_002811.3,Endogenous,1472,866,625,794,959,568,482,434,63,343,605,969,384,433,533,193,982,627
PTGDR2,NM_004778.1,Endogenous,10,3,10,3,11,6,8,4,5,4,8,5,8,8,8,5,16,2
PTGS2,NM_000963.1,Endogenous,49,26,177,38,46,21,36,24,23,12,46,43,27,34,30,16,45,38
PTPRC,NM_080921.3,Endogenous,8,8,5,5,7,5,6,11,8,14,5,7,5,5,2,4,6,5
PVR,NM_006505.3,Endogenous,181,158,68,76,98,96,49,105,20,35,72,160,85,78,94,40,169,123
PYCARD,NM_013258.3,Endogenous,45,26,29,42,42,18,12,12,12,15,27,24,20,14,24,8,28,15
RAG1,NM_000448.2,Endogenous,114,66,41,66,64,49,53,39,11,34,64,76,33,48,31,19,72,35
REL,NM_002908.2,Endogenous,56,39,28,49,35,36,23,43,16,23,19,36,32,28,27,16,47,38
RELA,NM_021975.2,Endogenous,156,82,57,82,93,50,40,44,10,49,68,105,41,46,55,23,98,44
RELB,NM_006509.2,Endogenous,109,46,47,38,31,26,34,17,7,19,19,38,15,28,29,14,63,25
REPS1,NM_001128617.2,Endogenous,512,314,309,362,386,211,195,161,30,171,266,357,128,160,174,71,283,199
RIPK2,NM_003821.5,Endogenous,529,224,194,214,202,177,179,109,15,90,140,240,80,110,135,45,239,166
ROPN1,NM_017578.2,Endogenous,10,8,9,8,9,7,13,12,5,7,9,13,4,7,11,8,11,7
RORA,NM_134261.2,Endogenous,296,112,121,227,329,103,101,79,21,84,208,133,62,83,81,34,135,89
RORC,NM_001001523.1,Endogenous,13,5,4,9,4,4,8,6,8,6,6,9,7,4,3,4,11,5
RPS6,NM_001010.2,Endogenous,23936,17819,8584,12780,13271,11162,7292,8397,844,5205,9895,18854,6918,8511,9837,3329,18030,11035
RRAD,NM_004165.1,Endogenous,7,4,8,10,9,7,4,8,3,4,8,7,4,6,11,2,8,7
RUNX1,NM_001754.4,Endogenous,280,190,208,88,154,135,104,107,40,40,127,193,76,104,105,51,203,120
RUNX3,NM_004350.1,Endogenous,46,32,44,36,46,37,25,26,15,20,45,37,25,15,24,11,38,34
S100A12,NM_005621.1,Endogenous,11,4,5,4,8,3,7,1,2,2,5,5,6,4,8,3,6,3
S100A7,NM_002963.2,Endogenous,13,6,10,17,13,8,7,23,11,11,10,11,15,6,11,11,11,9
S100A8,NM_002964.3,Endogenous,3,5,3,5,3,3,1,1,1,6,7,3,4,4,4,3,3,4
S100B,NM_006272.1,Endogenous,3,1,4,6,5,4,6,2,8,3,3,2,6,1,3,1,3,5
SAA1,NM_199161.1,Endogenous,24,17,15,161,74,16,11,21,20,44,38,18,18,9,6,10,16,16
SBNO2,NM_014963.2,Endogenous,116,48,30,31,39,42,31,26,9,23,30,46,25,40,29,18,57,35
SELE,NM_000450.2,Endogenous,8,8,4,8,9,10,7,20,12,7,11,9,7,5,13,13,6,5
SELL,NR_029467.1,Endogenous,7,7,3,5,4,6,6,7,2,10,11,13,4,6,5,1,6,9
SELPLG,NM_001206609.1,Endogenous,24,17,12,13,11,12,10,10,5,4,12,21,8,11,6,6,23,13
SEMG1,NM_003007.2,Endogenous,12,11,18,14,8,11,17,28,13,9,5,13,10,13,7,11,13,13
SERPINB2,NM_002575.1,Endogenous,12,17,9,18,7,5,8,10,4,9,6,15,7,11,14,8,10,6
SERPING1,NM_000062.2,Endogenous,101,66,40,194,147,35,57,39,11,89,159,56,27,27,27,24,58,35
SH2B2,NM_020979.3,Endogenous,14,11,6,17,13,10,14,8,7,11,25,12,14,14,10,10,18,9
SH2D1A,NM_001114937.2,Endogenous,4,4,6,8,5,3,2,4,4,8,2,1,3,4,4,3,6,5
SH2D1B,NM_053282.4,Endogenous,5,10,6,7,14,5,7,9,3,2,7,9,13,7,10,3,11,7
SIGIRR,NM_021805.2,Endogenous,21,18,14,9,17,13,15,22,5,15,14,12,8,11,17,17,16,14
SIGLEC1,NM_023068.3,Endogenous,4,8,6,9,5,6,4,9,5,4,12,12,8,12,7,5,8,8
SLAMF1,NM_003037.2,Endogenous,3,5,7,5,5,1,10,5,3,5,8,7,8,1,5,2,5,7
SLAMF6,NM_001184714.1,Endogenous,5,6,7,11,9,6,3,9,4,7,7,6,11,13,7,9,10,10
SLAMF7,NM_021181.3,Endogenous,10,4,6,6,4,6,6,4,3,3,3,9,7,6,5,5,8,4
SLC11A1,NM_000578.2,Endogenous,17,5,11,6,8,13,8,18,13,15,13,11,7,10,12,12,15,9
SMAD2,NM_005901.5,Endogenous,1057,579,489,617,583,431,398,314,33,231,400,727,275,297,365,127,623,389
SMAD3,NM_005902.3,Endogenous,641,469,406,377,343,351,285,278,42,137,270,508,230,280,271,100,527,279
SMPD3,NM_018667.3,Endogenous,7,7,3,7,7,8,3,7,5,6,1,6,8,10,4,8,5,11
SOCS1,NM_003745.1,Endogenous,34,26,21,30,39,25,13,14,7,11,37,43,23,19,24,8,37,16
SPA17,NM_017425.3,Endogenous,170,104,96,80,123,89,62,63,11,51,81,170,52,66,85,30,109,83
SPACA3,NM_173847.3,Endogenous,15,6,19,17,16,14,9,15,11,9,17,13,12,10,10,9,20,11
SPANXB1,NM_032461.2,Endogenous,11,10,6,6,4,6,4,5,2,6,4,6,6,2,7,5,7,3
SPINK5,NM_006846.3,Endogenous,6,10,9,6,13,10,7,21,11,11,14,11,7,7,10,12,9,7
SPN,NM_003123.3,Endogenous,3,3,8,8,2,7,1,3,4,4,4,7,4,4,2,3,3,5
SPO11,NM_198265.1,Endogenous,10,9,6,8,7,5,6,4,2,6,9,7,9,3,6,3,7,5
SPP1,NM_000582.2,Endogenous,819,125,336,258,191,79,228,66,37,196,145,150,47,64,82,20,103,80
SSX1,NM_005635.2,Endogenous,10,4,5,10,8,9,6,7,3,4,13,7,5,4,5,5,4,6
SSX4,NM_005636.3,Endogenous,8,7,4,8,12,10,6,7,7,1,6,11,7,8,6,5,13,10
ST6GAL1,NM_003032.2,Endogenous,34,13,27,23,32,11,22,12,4,13,25,12,9,10,8,9,20,15
STAT1,NM_007315.2,Endogenous,1189,981,641,927,4413,742,364,550,62,330,3564,1291,461,532,605,196,1067,654
STAT2,NM_005419.2,Endogenous,1627,892,526,1357,1878,716,613,500,46,545,1615,1147,413,524,527,195,1000,625
STAT3,NM_139276.2,Endogenous,1716,1072,584,940,937,817,534,573,49,285,660,1130,454,583,561,257,1217,652
STAT4,NM_003151.2,Endogenous,22,25,9,16,11,13,15,15,8,12,17,34,13,13,10,8,31,18
STAT5B,NM_012448.3,Endogenous,142,95,60,105,110,52,43,45,10,55,102,70,46,40,54,31,99,67
STAT6,NM_003153.3,Endogenous,459,198,248,294,421,147,162,105,57,188,407,212,110,127,161,45,217,187
SYCP1,NM_003176.2,Endogenous,13,9,10,10,11,10,6,21,10,12,7,14,8,9,10,13,12,6
SYK,NM_003177.3,Endogenous,5,8,2,4,6,8,4,4,3,2,6,6,11,3,5,8,6,6
SYT17,NM_016524.2,Endogenous,9,5,3,3,5,5,4,5,2,3,3,5,3,4,1,2,2,6
TAB1,NM_153497.2,Endogenous,138,106,60,112,90,62,67,53,10,52,70,129,35,51,56,19,108,78
TAL1,NM_003189.2,Endogenous,10,10,4,7,9,6,8,5,3,4,11,13,7,5,6,8,5,7
TANK,NM_004180.2,Endogenous,736,437,383,493,707,318,266,244,25,224,506,465,154,250,227,94,480,321
TAP1,NM_000593.5,Endogenous,79,46,46,56,172,34,35,30,6,25,164,47,27,32,33,14,51,33
TAP2,NM_000544.3,Endogenous,67,74,69,51,194,41,35,31,14,30,147,50,25,32,33,15,55,50
TAPBP,NM_003190.4,Endogenous,422,244,217,202,244,182,125,122,46,118,251,261,151,177,160,62,265,171
TARP,NM_001003799.1,Endogenous,18,9,9,19,16,17,18,25,10,18,17,9,5,15,7,6,26,13
TBK1,NM_013254.2,Endogenous,332,167,142,194,166,113,116,99,15,70,161,134,73,84,108,40,175,101
TBX21,NM_013351.1,Endogenous,13,16,10,9,15,15,10,20,23,16,19,14,11,11,8,13,16,11
TCF7,NM_003202.2,Endogenous,93,43,51,29,17,24,38,42,14,16,19,37,17,36,40,11,40,29
TFE3,NM_006521.3,Endogenous,75,39,45,42,54,38,27,44,13,34,34,47,28,25,37,15,58,46
TFEB,NM_007162.2,Endogenous,83,47,43,23,38,30,29,35,11,15,27,53,31,33,30,17,55,27
TFRC,NM_003234.1,Endogenous,1413,837,685,686,1239,651,435,412,82,304,765,826,344,443,442,170,962,584
TGFB1,NM_000660.3,Endogenous,1791,742,1153,984,1066,486,732,356,132,467,882,676,323,412,443,162,805,448
TGFB2,NM_003238.2,Endogenous,336,360,60,118,58,243,109,207,31,110,41,388,171,196,191,90,362,212
THBD,NM_000361.2,Endogenous,16,8,5,11,18,12,7,6,10,4,8,13,6,9,14,10,11,11
THBS1,NM_003246.2,Endogenous,4352,11876,416,3275,1398,9302,1619,7241,45,563,509,16380,5619,7505,6359,2523,12868,7215
THY1,NM_006288.2,Endogenous,1176,2044,2882,1297,4855,1523,504,1305,231,380,3526,2259,1097,1118,1150,477,1867,1495
TICAM1,NM_014261.1,Endogenous,82,48,29,33,36,42,25,26,8,19,30,52,29,32,28,15,51,38
TICAM2,NM_021649.4,Endogenous,275,141,93,160,190,133,88,69,13,64,139,181,87,90,104,34,177,116
TIGIT,NM_173799.2,Endogenous,12,10,13,16,21,12,12,28,21,17,9,8,19,8,14,17,16,19
TIRAP,NM_148910.2,Endogenous,30,25,16,21,21,15,19,17,6,12,13,15,18,14,9,12,19,10
TLR1,NM_003263.3,Endogenous,12,9,7,10,4,9,6,9,6,6,6,12,5,8,6,5,14,9
TLR10,NM_030956.2,Endogenous,24,21,41,40,31,37,30,41,26,14,22,26,35,24,30,21,18,30
TLR2,NM_003264.3,Endogenous,31,14,24,34,22,10,18,15,16,8,20,7,19,21,5,15,16,12
TLR3,NM_003265.2,Endogenous,42,45,21,26,59,34,10,33,12,17,56,61,30,28,35,15,44,35
TLR4,NM_138554.2,Endogenous,266,95,201,132,89,83,116,57,28,50,81,123,50,68,79,20,122,96
TLR5,NM_003268.3,Endogenous,17,7,10,13,15,13,10,9,3,6,10,8,7,6,9,8,17,9
TLR6,NM_006068.2,Endogenous,57,30,25,31,13,29,22,28,13,12,21,38,23,39,20,23,52,30
TLR7,NM_016562.3,Endogenous,8,6,9,9,12,6,11,4,4,7,7,8,16,5,8,5,4,9
TLR8,NM_016610.2,Endogenous,8,11,12,9,14,14,14,11,6,9,14,13,10,9,9,12,14,7
TLR9,NM_017442.2,Endogenous,14,17,9,8,14,8,13,12,14,14,12,11,10,13,9,10,11,7
TMEFF2,NM_016192.2,Endogenous,22,16,11,156,244,16,7,19,13,87,146,11,13,9,8,12,16,12
TNF,NM_000594.2,Endogenous,10,9,14,13,7,2,10,9,2,9,2,7,9,8,9,1,10,6
TNFAIP3,NM_006290.2,Endogenous,232,95,103,508,657,83,66,58,9,281,801,113,43,79,125,21,160,142
TNFRSF10B,NM_003842.3,Endogenous,177,76,76,52,68,56,70,50,16,34,50,89,42,45,53,20,86,57
TNFRSF10C,NM_003841.3,Endogenous,41,13,16,12,16,20,17,6,4,6,11,29,10,11,14,9,21,9
TNFRSF11A,NM_003839.2,Endogenous,7,9,13,14,5,7,6,8,10,6,7,6,9,5,6,6,8,10
TNFRSF11B,NM_002546.2,Endogenous,103,168,12,15,12,116,21,100,3,8,10,213,71,130,107,48,239,132
TNFRSF12A,NM_016639.1,Endogenous,80,77,19,19,28,45,25,49,19,13,15,65,27,42,55,16,72,39
TNFRSF13B,NM_012452.2,Endogenous,4,4,3,7,12,8,7,6,6,5,6,5,9,6,3,6,7,5
TNFRSF13C,NM_052945.3,Endogenous,6,7,5,7,2,7,4,2,5,4,4,7,4,6,3,3,2,2
TNFRSF14,NM_003820.2,Endogenous,163,86,97,102,108,86,73,46,16,41,90,116,32,41,57,27,106,56
TNFRSF17,NM_001192.2,Endogenous,11,8,10,9,8,10,9,6,8,9,14,11,10,11,9,6,8,10
TNFRSF18,NM_004195.2,Endogenous,27,20,13,12,14,9,10,17,9,10,10,16,10,11,13,7,26,13
TNFRSF1A,NM_001065.2,Endogenous,1050,782,454,593,626,456,303,319,56,228,492,733,313,366,420,163,779,441
TNFRSF1B,NM_001066.2,Endogenous,57,23,8,33,13,20,22,23,27,17,14,22,19,23,20,15,30,23
TNFRSF4,NM_003327.2,Endogenous,23,10,8,9,9,10,6,8,3,9,7,13,5,7,4,6,8,5
TNFRSF8,NM_152942.2,Endogenous,20,14,15,18,16,9,13,4,11,12,7,13,5,8,15,9,12,11
TNFRSF9,NM_001561.4,Endogenous,1,3,1,1,2,1,1,4,3,3,1,1,4,1,1,1,1,3
TNFSF10,NM_003810.2,Endogenous,48,34,91,9,8,38,7,29,9,9,7,34,24,25,20,14,41,21
TNFSF11,NM_003701.2,Endogenous,50,62,48,56,43,42,39,53,40,23,27,15,79,64,59,44,34,41
TNFSF12,NM_003809.2,Endogenous,175,98,82,149,142,86,66,59,15,82,110,135,41,70,86,32,138,88
TNFSF13,NM_003808.3,Endogenous,16,7,11,10,22,6,13,32,15,14,10,11,16,14,17,9,6,11
TNFSF13B,NM_006573.4,Endogenous,30,15,11,23,49,15,12,18,7,9,42,29,18,20,17,9,28,14
TNFSF14,NM_003807.3,Endogenous,8,10,10,11,10,10,6,6,5,5,10,4,9,5,9,8,12,11
TNFSF15,NM_001204344.1,Endogenous,16,2,4,4,6,10,8,10,12,7,8,10,8,9,5,7,9,14
TNFSF18,NM_005092.2,Endogenous,10,9,5,6,7,6,6,12,4,4,10,14,10,6,11,5,9,6
TNFSF4,NM_003326.2,Endogenous,58,31,23,44,67,32,28,36,16,29,61,36,28,31,29,21,33,26
TNFSF8,NM_001244.3,Endogenous,14,14,15,13,12,8,13,17,9,6,12,15,11,7,17,10,11,13
TOLLIP,NM_019009.2,Endogenous,409,238,161,230,204,153,131,109,23,93,166,254,98,126,155,49,248,171
TP53,NM_000546.2,Endogenous,830,580,469,428,504,390,320,288,55,212,365,639,215,284,294,99,597,343
TPSAB1,NM_003294.3,Endogenous,13,7,9,5,13,13,6,10,8,5,9,9,14,13,10,8,5,12
TPTE,NM_199259.2,Endogenous,27,14,19,18,17,14,18,29,22,17,20,16,21,9,18,25,20,7
TRAF2,NM_021138.3,Endogenous,108,46,37,63,66,55,37,51,9,45,51,57,34,32,31,17,72,38
TRAF3,NM_145725.1,Endogenous,170,75,89,82,96,56,42,54,6,36,71,69,41,54,61,22,108,73
TRAF6,NM_145803.1,Endogenous,99,54,47,66,50,28,32,30,9,30,49,49,12,31,36,13,60,40
TREM1,NM_018643.3,Endogenous,1,1,1,1,1,1,1,6,2,4,1,1,1,9,1,4,1,1
TREM2,NM_018965.3,Endogenous,31,30,15,24,24,21,14,20,2,18,19,23,16,25,21,6,19,15
TTK,NM_003318.3,Endogenous,18,16,13,12,11,9,11,12,2,5,11,14,9,8,12,7,18,10
TXK,NM_003328.1,Endogenous,16,7,8,8,14,12,7,6,4,5,8,8,10,9,12,6,13,6
TXNIP,NM_006472.1,Endogenous,721,919,233,980,1224,793,247,445,33,434,848,1363,431,470,449,221,909,482
TYK2,NM_003331.3,Endogenous,176,80,58,101,92,70,52,49,13,52,105,84,51,55,52,32,79,57
UBC,NM_021009.3,Endogenous,36361,18559,15128,21554,19508,13695,14047,9161,1186,9579,14177,21169,8200,10423,12186,3970,19406,13740
ULBP2,NM_025217.2,Endogenous,87,56,50,39,57,39,29,27,12,19,41,52,28,25,31,13,66,46
USP9Y,NM_004654.3,Endogenous,68,25,22,42,25,20,33,21,6,20,22,45,20,20,26,5,54,36
VCAM1,NM_001078.3,Endogenous,783,1216,185,59,131,676,184,522,15,17,51,1301,433,557,542,221,1104,729
VEGFA,NM_001025366.1,Endogenous,3247,1813,1121,473,1090,1281,716,1039,84,156,564,1906,841,1129,1412,373,2655,1561
VEGFC,NM_005429.2,Endogenous,1412,718,283,409,312,494,349,344,28,133,171,812,342,454,524,167,934,593
XCL2,NM_003175.3,Endogenous,10,9,7,9,10,8,8,10,7,3,5,5,11,11,11,7,9,4
XCR1,NM_005283.2,Endogenous,50,36,35,35,22,29,18,30,20,18,29,25,34,20,25,16,31,18
YTHDF2,NM_001172828.1,Endogenous,709,425,341,415,474,302,265,231,38,143,323,456,160,183,251,75,435,295
ZAP70,NM_001079.3,Endogenous,13,6,3,9,13,9,9,18,20,11,15,10,9,3,8,9,11,8
ZNF205,NM_001031686.1,Endogenous,22,26,15,29,13,20,19,26,21,16,16,24,14,17,20,15,35,16